provider	xmltv_id	channel_number	canonical_name	alt_names	country	region	category	edge_case	exclude	hd_flag	duplicate_flag	network_group	icon_url	url	notes
US	1830.stations.xmltv.tvmedia.ca	2	CBS (WBBM) Chicago, IL	WBBM-TV|2	CA	WBBM	Entertainment	False	False	False	False	US Network	http://cdn.tvpassport.com/image/station/76x28/v2/s10098_h15_ac.png	www.cbs2chicago.com/	
US	1831.stations.xmltv.tvmedia.ca	5	NBC (WMAQ) Chicago, IL	WMAQ-TV|5	CA	WMAQ	Entertainment	False	False	False	False	US Network	http://cdn.tvpassport.com/image/station/76x28/v2/s11670_h9_aa.png	www.nbc5.com/	
US	1838.stations.xmltv.tvmedia.ca	6	UNI (WGBO) Chicago, IL	WGBO-DT|6	CA	WGBO	Entertainment	False	False	False	False	Specialty	http://cdn.tvpassport.com/image/station/76x28/v2/s11118_h15_ab.png		
US	1608.stations.xmltv.tvmedia.ca	7	ABC (WLS) Chicago, IL	WLS-TV|7	CA	WLS	Entertainment	False	False	False	False	US Network	http://cdn.tvpassport.com/image/station/76x28/v2/s10003_h15_ac.png	www.abc7chicago.com/	
US	1915.stations.xmltv.tvmedia.ca	9	WGN Chicago (LOCAL)	WGN-TV|9	CA	LOCAL	Entertainment	False	False	False	False	Specialty	http://cdn.tvpassport.com/image/station/76x28/v2/s51306_h15_ac.png	WWW.WGNTV.COM	
US	1832.stations.xmltv.tvmedia.ca	11	PBS (WTTW) Chicago, IL	WTTW|11	CA	WTTW	Entertainment	True	False	False	False	PBS	http://cdn.tvpassport.com/image/station/76x28/v2/s11039_h15_ab.png	www.networkchicago.com/wttw/	
US	1606.stations.xmltv.tvmedia.ca	12	FOX (WFLD) Chicago, IL	WFLD|12	CA	WFLD	Entertainment	False	False	False	False	US Network	http://cdn.tvpassport.com/image/station/76x28/v2/s10212_h15_ab.png		
US	1834.stations.xmltv.tvmedia.ca	13	CW26 (WCIU)  Chicago IL	WCIU-TV|13	CA	WCIU	Entertainment	False	False	False	False	Specialty	http://cdn.tvpassport.com/image/station/76x28/v2/s11347_h15_ac.png		
US	1837.stations.xmltv.tvmedia.ca	17	PBS (WYIN) Indiana	WYIN|17	CA	WYIN	Entertainment	True	False	False	False	PBS	http://cdn.tvpassport.com/image/station/76x28/v2/s32356_h15_ac.png		
US	4308.stations.xmltv.tvmedia.ca	18	"WJYS ""The Way"" Chicago, IL"	WJYS|18	CA		Entertainment	False	False	False	False	Specialty	http://cdn.tvpassport.com/image/station/76x28/v2/s31486_h6_aa.png		
US	347.stations.xmltv.tvmedia.ca	32	TNT - Eastern Feed	TNT|32	CA		Entertainment	False	False	False	False	Specialty	http://cdn.tvpassport.com/image/station/76x28/v2/s11164_h15_ac.png		
US	61.stations.xmltv.tvmedia.ca	33	TBS - East	TBS|33	CA		Entertainment	False	False	False	False	Specialty	http://cdn.tvpassport.com/image/station/76x28/v2/s11867_h15_ac.png		
US	1922.stations.xmltv.tvmedia.ca	38	ION (WCPX) Chicago, IL	WCPX-TV|38	CA	WCPX	Entertainment	False	False	False	False	Specialty	http://cdn.tvpassport.com/image/station/76x28/v2/s18633_h15_ad.png	www.iontelevision.com	
US	177.stations.xmltv.tvmedia.ca	43	AMC - Eastern Feed	AMC|43	CA		Entertainment	False	False	False	False	Specialty	http://cdn.tvpassport.com/image/station/76x28/v2/s10021_h15_ab.png		
US	646.stations.xmltv.tvmedia.ca	44	Bravo USA - Eastern Feed	BRAVO|44	CA		Entertainment	False	False	False	False	Specialty	http://cdn.tvpassport.com/image/station/76x28/v2/s10057_h15_ab.png		
US	645.stations.xmltv.tvmedia.ca	45	Animal Planet US - East	ANPL|45	CA		Entertainment	False	False	False	False	Specialty	http://cdn.tvpassport.com/image/station/76x28/v2/s16331_h9_ad.png		
US	649.stations.xmltv.tvmedia.ca	46	Discovery Channel (US) - Eastern Feed	DISC|46	CA	US	Entertainment	False	False	False	False	Specialty	http://cdn.tvpassport.com/image/station/76x28/v2/s11150_h15_af.png		
US	1386.stations.xmltv.tvmedia.ca	48	NBC Sports Network	NBCSN|48	CA		Sports	False	False	False	False	US Network			
US	595.stations.xmltv.tvmedia.ca	55	Disney - Eastern Feed	DISN|55	CA		Entertainment	False	False	False	False	Specialty	http://cdn.tvpassport.com/image/station/76x28/v2/s10171_h15_ae.png	www.disneychannel.com	
US	661.stations.xmltv.tvmedia.ca	56	Cartoon Network USA - Eastern Feed	TOON|56	CA		Kids	False	False	False	False	Specialty	http://cdn.tvpassport.com/image/station/76x28/v2/s12131_h15_aa.png		
US	70.stations.xmltv.tvmedia.ca	57	CNN	CNN|57	CA		Entertainment	True	False	False	False	Specialty	http://cdn.tvpassport.com/image/station/76x28/v2/s10142_h15_aa.png		
US	201.stations.xmltv.tvmedia.ca	58	CNBC USA	CNBC|58	CA		Entertainment	True	False	False	False	US Network	http://cdn.tvpassport.com/image/station/76x28/v3/10139-4F36.png		
US	655.stations.xmltv.tvmedia.ca	59	MS NOW USA	MSNOW|59	CA		Entertainment	False	False	False	False	Specialty	http://cdn.tvpassport.com/image/station/76x28/v3/16300-7F58.png	https://www.ms.now/	
US	425.stations.xmltv.tvmedia.ca	61	HLN	HLN|61	CA		Entertainment	False	False	False	False	Specialty	http://cdn.tvpassport.com/image/station/76x28/v2/s10145_h15_ac.png	Turner.com	
US	1856.stations.xmltv.tvmedia.ca	62	Bloomberg TV USA	BLM-US|62	CA		Entertainment	False	False	False	False	Specialty	http://cdn.tvpassport.com/image/station/76x28/v2/s14755_h15_ab.png	www.bloomberg.com/tv	
US	623.stations.xmltv.tvmedia.ca	63	HGTV USA - Eastern Feed	HGTV|63	CA		Entertainment	False	False	False	False	Specialty	http://cdn.tvpassport.com/image/station/76x28/v2/s14902_h15_ab.png		
US	2.stations.xmltv.tvmedia.ca	64	A&E US - Eastern Feed	A&E|64	CA		Entertainment	False	False	False	False	Specialty	http://cdn.tvpassport.com/image/station/76x28/v2/s10035_h15_ab.png	www.AETV.com	
US	621.stations.xmltv.tvmedia.ca	65	History Channel US - Eastern Feed	HIST|65	CA		Entertainment	False	False	False	False	Specialty	http://cdn.tvpassport.com/image/station/76x28/v2/s14771_h15_af.png	www.HistoryChannel.com	
US	659.stations.xmltv.tvmedia.ca	66	Oxygen True Crime - Eastern Feed	OXY|66	CA		Entertainment	False	False	False	False	Specialty	http://cdn.tvpassport.com/image/station/76x28/v2/s21484_h15_ac.png		
US	5005.stations.xmltv.tvmedia.ca	69	TLC USA - Eastern	TLC|69	CA		Entertainment	False	False	False	False	Specialty	http://cdn.tvpassport.com/image/station/76x28/v2/s11158_h15_ad.png		
US	1054.stations.xmltv.tvmedia.ca	70	Food Network USA - Eastern Feed	FOOD|70	CA		Entertainment	False	False	False	False	Specialty	http://cdn.tvpassport.com/image/station/76x28/v2/s12574_h15_ab.png		
US	617.stations.xmltv.tvmedia.ca	71	E! Entertainment USA - Eastern Feed	E!|71	CA		Entertainment	False	False	False	False	Specialty	http://cdn.tvpassport.com/image/station/76x28/v2/s10989_h15_aa.png	www.eonline.com	
US	647.stations.xmltv.tvmedia.ca	72	Comedy Central (US) - Eastern Feed	COMC|72	CA	US	Entertainment	False	False	False	False	Specialty	http://cdn.tvpassport.com/image/station/76x28/v2/s10149_h15_ab.png		
US	663.stations.xmltv.tvmedia.ca	74	VH1 - Eastern Feed	VH1|74	CA		Entertainment	False	False	False	False	Specialty	http://cdn.tvpassport.com/image/station/76x28/v2/s11218_h15_ac.png		
US	656.stations.xmltv.tvmedia.ca	76	MTV USA - Eastern Feed	MTV|76	CA		Music	False	False	False	False	Specialty	http://cdn.tvpassport.com/image/station/76x28/v2/s10986_h15_aa.png		
US	7537.stations.xmltv.tvmedia.ca	108	National Geographic Wild	NGW|108	CA		Entertainment	False	False	False	False	Specialty	http://cdn.tvpassport.com/image/station/76x28/v2/s66804_h15_ab.png		
US	1053.stations.xmltv.tvmedia.ca	122	Disney XD USA - Eastern Feed	DISNXD|122	CA		Entertainment	False	False	False	False	Specialty	http://cdn.tvpassport.com/image/station/76x28/v2/s18279_h15_aa.png	disneyxd.disney.com	
US	4226.stations.xmltv.tvmedia.ca	124	The Cooking Channel	COOK|124	CA		Entertainment	False	False	False	False	Specialty	http://cdn.tvpassport.com/image/station/76x28/v2/s30156_h15_aa.png		
US	4225.stations.xmltv.tvmedia.ca	130	Discovery Family Channel	DFC|130	CA		Entertainment	False	False	False	False	Specialty	http://cdn.tvpassport.com/image/station/76x28/v2/s16618_h15_ab.png		
US	1515.stations.xmltv.tvmedia.ca	135	MTV 2 - East	MTV2|135	CA		Music	False	False	False	False	Specialty	http://cdn.tvpassport.com/image/station/76x28/v2/s16361_h15_aa.png		
US	3808.stations.xmltv.tvmedia.ca	141	MTV Tr3s - East	TR3S|141	CA		Music	False	False	False	False	Specialty	http://cdn.tvpassport.com/image/station/76x28/v2/s18715_h15_ao.png	www.tr3s.com	
US	2091.stations.xmltv.tvmedia.ca	143	LOGO - East	LOGO|143	CA		Entertainment	False	False	False	False	Specialty	http://cdn.tvpassport.com/image/station/76x28/v2/s46762_h15_aa.png		
US	1076.stations.xmltv.tvmedia.ca	146	CMT US - Eastern Feed	CMTUS|146	CA		Entertainment	False	False	False	False	Specialty	http://cdn.tvpassport.com/image/station/76x28/v2/s10138_h15_ab.png		
US	4679.stations.xmltv.tvmedia.ca	153	Smithsonian Channel USA	SMITH|153	CA		Entertainment	False	False	False	False	Specialty	http://cdn.tvpassport.com/image/station/76x28/v2/s65799_h15_aa.png		
US	527.stations.xmltv.tvmedia.ca	154	BBC News - North America	BBCW|154	CA		News	False	False	False	False	Specialty	http://cdn.tvpassport.com/image/station/76x28/v2/s89542_h15_ab.png		
US	596.stations.xmltv.tvmedia.ca	160	Syfy - Eastern Feed	SYFY|160	CA		Entertainment	False	False	False	False	Specialty	http://cdn.tvpassport.com/image/station/76x28/v2/s11097_h15_ae.png		
US	615.stations.xmltv.tvmedia.ca	162	BBC America - East	BBC|162	CA		Entertainment	False	False	False	False	Specialty	http://cdn.tvpassport.com/image/station/76x28/v2/s18332_h15_aa.png	www.bbcamerica.com	
US	1252.stations.xmltv.tvmedia.ca	163	TV Land - Eastern	TVLAND|163	CA		Entertainment	False	False	False	False	Specialty	http://cdn.tvpassport.com/image/station/76x28/v2/s16123_h15_aa.png		
US	35317.stations.xmltv.tvmedia.ca	170	AMC+	AMC+|170	CA		Entertainment	False	False	False	False	Specialty	http://cdn.tvpassport.com/image/station/76x28/v2/s114759_h15_aa.png		
US	6219.stations.xmltv.tvmedia.ca	171	AMC - Eastern Feed HD	AMC-HD|171	CA		Entertainment	False	False	True	False	Specialty	http://cdn.tvpassport.com/image/station/76x28/v2/s59337_h15_ab.png	www.amc.com	
US	4660.stations.xmltv.tvmedia.ca	175	History Channel US HD - East	HIST-HD|175	CA		Entertainment	False	False	True	False	Specialty	http://cdn.tvpassport.com/image/station/76x28/v2/s57708_h15_ad.png	www.HistoryChannel.com	
US	5004.stations.xmltv.tvmedia.ca	176	TLC USA HD - Eastern	TLC-HD|176	CA		Entertainment	False	False	True	False	Specialty	http://cdn.tvpassport.com/image/station/76x28/v2/s57391_h15_ad.png		
US	5643.stations.xmltv.tvmedia.ca	177	Syfy HD - Eastern Feed	SYFY-HD|177	CA		Entertainment	False	False	True	False	Specialty	http://cdn.tvpassport.com/image/station/76x28/v2/s58623_h15_ae.png	www.scifi.com	
US	3690.stations.xmltv.tvmedia.ca	179	HGTV USA HD - Eastern	HGTVHD|179	CA		Entertainment	False	False	True	False	Specialty	http://cdn.tvpassport.com/image/station/76x28/v2/s49788_h15_ab.png	www.hgtv.com	
US	3438.stations.xmltv.tvmedia.ca	181	Food Network USA HD - Eastern Feed	FOOD-HD|181	CA		Entertainment	False	False	True	False	Specialty	http://cdn.tvpassport.com/image/station/76x28/v2/s50747_h15_ab.png	www.foodtv.com	
US	8582.stations.xmltv.tvmedia.ca	183	CW26 (WCIU)  Chicago IL HD	WCIU-HD|183	CA	WCIU	Entertainment	False	False	True	False	Specialty	http://cdn.tvpassport.com/image/station/76x28/v2/s11347_h15_ac.png		
US	3034.stations.xmltv.tvmedia.ca	185	Paramount+ with Showtime - Eastern	PARSHO-HD|185	CA		Entertainment	False	False	False	False	Specialty	http://cdn.tvpassport.com/image/station/76x28/v2/s21868_h15_ad.png	https://www.paramountpluswithshowtime.com/	
US	627.stations.xmltv.tvmedia.ca	186	HBO HD - Eastern Feed	HBO-HD|186	CA		Entertainment	False	False	True	False	Specialty	http://cdn.tvpassport.com/image/station/76x28/v2/s19548_h15_aa.png		
US	5714.stations.xmltv.tvmedia.ca	187	ABC (WLS) Chicago, IL HD	WLS-HD|187	CA	WLS	Entertainment	False	False	True	False	US Network	http://cdn.tvpassport.com/image/station/76x28/v2/s10003_h15_ac.png	www.abc7chicago.com/	
US	6492.stations.xmltv.tvmedia.ca	188	NBC (WMAQ) Chicago, IL HD	WMAQ-HD|188	CA	WMAQ	Entertainment	False	False	True	False	US Network	http://cdn.tvpassport.com/image/station/76x28/v2/s11670_h9_aa.png	www.nbc5.com/	
US	6566.stations.xmltv.tvmedia.ca	189	CBS (WBBM) Chicago, IL HD	WBBM-HD|189	CA	WBBM	Entertainment	False	False	True	False	US Network	http://cdn.tvpassport.com/image/station/76x28/v2/s10098_h15_ac.png	www.cbs2chicago.com/	
US	8583.stations.xmltv.tvmedia.ca	190	FOX (WFLD) Chicago, IL HD	WFLD-HD|190	CA	WFLD	Entertainment	False	False	True	False	US Network	http://cdn.tvpassport.com/image/station/76x28/v2/s10212_h15_ab.png		
US	8584.stations.xmltv.tvmedia.ca	191	PBS (WTTW) Chicago, IL HD	WTTW-HD|191	CA	WTTW	Entertainment	True	False	True	False	PBS	http://cdn.tvpassport.com/image/station/76x28/v2/s11039_h15_ab.png	www.networkchicago.com/wttw/	
US	5881.stations.xmltv.tvmedia.ca	192	WGN Chicago (LOCAL) HD	CW-TVHD|192	CA	LOCAL	Entertainment	False	False	True	False	Specialty	http://cdn.tvpassport.com/image/station/76x28/v2/s51306_h15_ac.png	WWW.WGNTV.COM	
US	3567.stations.xmltv.tvmedia.ca	195	Cinemax - Eastern HD	MAX1HD|195	CA		Entertainment	False	False	True	False	Specialty	http://cdn.tvpassport.com/image/station/76x28/v2/s34933_h15_ab.png	www.cinemax.com	
US	3388.stations.xmltv.tvmedia.ca	196	Starz HD - Eastern	STARZ-HD|196	CA		Movies	False	False	True	False	Specialty	http://cdn.tvpassport.com/image/station/76x28/v2/s34941_h15_ac.png	www.starz.com	
US	6112.stations.xmltv.tvmedia.ca	197	Disney HD - Eastern	DISN|197	CA		Entertainment	False	False	True	False	Specialty	http://cdn.tvpassport.com/image/station/76x28/v2/s59684_h15_ae.png	www.disneychannel.com	
US	3037.stations.xmltv.tvmedia.ca	204	TNT HD - East Feed	TNT-HD|204	CA		Entertainment	False	False	True	False	Specialty	http://cdn.tvpassport.com/image/station/76x28/v2/s42642_h15_ac.png	www.tntdrama.com	
US	4436.stations.xmltv.tvmedia.ca	206	National Geographic US HD - Eastern	NGHD|206	CA		Entertainment	False	False	True	False	Specialty	http://cdn.tvpassport.com/image/station/76x28/v2/s49438_h15_ab.png	channel.nationalgeographic.com	
US	17034.stations.xmltv.tvmedia.ca	208	A&E US HD - Eastern Feed	A&EHD|208	CA		Entertainment	False	False	True	False	Specialty	http://cdn.tvpassport.com/image/station/76x28/v2/s51529_h15_ab.png	www.AETV.com	
US	6080.stations.xmltv.tvmedia.ca	209	MTV Live	MTVL|209	CA		Music	False	False	False	False	Specialty	http://cdn.tvpassport.com/image/station/76x28/v2/s66419_h15_aa.png		
US	5828.stations.xmltv.tvmedia.ca	212	Science HD	SCI-HD|212	CA		Entertainment	False	False	True	False	Specialty	http://cdn.tvpassport.com/image/station/76x28/v2/s57390_h15_ac.png	www.sciencechannel.com/	
US	4724.stations.xmltv.tvmedia.ca	216	CNN HD	CNN-HD|216	CA		Entertainment	True	False	True	False	Specialty	http://cdn.tvpassport.com/image/station/76x28/v2/s58646_h15_ac.png	www.cnn.com	
US	4466.stations.xmltv.tvmedia.ca	218	Discovery HD (US) - Eastern	DISCHD|218	CA	US	Entertainment	False	False	True	False	Specialty	http://cdn.tvpassport.com/image/station/76x28/v2/s56905_h15_ad.png	www.discovery.com	
US	6090.stations.xmltv.tvmedia.ca	219	TBS - East HD	TBS|219	CA		Entertainment	False	False	True	False	Specialty	http://cdn.tvpassport.com/image/station/76x28/v2/s58515_h15_ac.png	www.tbssuperstation.com	
US	1273.stations.xmltv.tvmedia.ca	222	Discovery Life Channel	DLC|222	CA		Entertainment	False	False	False	False	Specialty	http://cdn.tvpassport.com/image/station/76x28/v2/s16125_h15_ac.png		
US	4537.stations.xmltv.tvmedia.ca	224	Animal Planet US HD - East	ANPL-HD|224	CA		Entertainment	False	False	True	False	Specialty	http://cdn.tvpassport.com/image/station/76x28/v2/s57394_h9_ad.png	Discovery.com	
US	6917.stations.xmltv.tvmedia.ca	226	Cartoon Network USA HD - Eastern	TOON|226	CA		Kids	False	False	True	False	Specialty	http://cdn.tvpassport.com/image/station/76x28/v2/s60048_h15_ac.png	www.cartoonnetwork.com	
US	6542.stations.xmltv.tvmedia.ca	238	ION (WCPX) Chicago, IL HD	WCPX-HD|238	CA	WCPX	Entertainment	False	False	True	False	Specialty	http://cdn.tvpassport.com/image/station/76x28/v2/s18633_h15_ad.png	www.iontelevision.com	
US	11339.stations.xmltv.tvmedia.ca	239	PBS (WYIN) Indiana HD	WYIN-HD|239	CA	WYIN	Entertainment	True	False	True	False	PBS	http://cdn.tvpassport.com/image/station/76x28/v2/s32356_h15_ac.png		
US	8113.stations.xmltv.tvmedia.ca	250	The Cooking Channel HD	COOKHD|250	CA		Entertainment	False	False	True	False	Specialty	http://cdn.tvpassport.com/image/station/76x28/v2/s68065_h15_aa.png		
US	6659.stations.xmltv.tvmedia.ca	262	E! Entertainment USA HD - East	E!-HD|262	CA		Entertainment	False	False	True	False	Specialty	http://cdn.tvpassport.com/image/station/76x28/v2/s61812_h15_aa.png	www.eonline.com	
US	6083.stations.xmltv.tvmedia.ca	263	Starz Encore HD - Eastern	STZENHD|263	CA		Movies	False	False	True	False	Specialty	http://cdn.tvpassport.com/image/station/76x28/v2/s36225_h15_ac.png	www.starz.com	
US	6119.stations.xmltv.tvmedia.ca	266	CNBC USA HD	CNBCH|266	CA		Entertainment	True	False	True	False	US Network	http://cdn.tvpassport.com/image/station/76x28/v3/58780-1CB38.png	www.cnbc.com	
US	6111.stations.xmltv.tvmedia.ca	267	FX Networks East Coast HD	FXHD|267	CA		Entertainment	False	False	True	False	FX	http://cdn.tvpassport.com/image/station/76x28/v2/s58574_h15_aa.png	www.fxnetworks.com/main.html	
US	2090.stations.xmltv.tvmedia.ca	271	Investigation Discovery USA - Eastern	ID|271	CA		Entertainment	False	False	False	False	Specialty	http://cdn.tvpassport.com/image/station/76x28/v2/s16615_h15_ad.png		
US	1960.stations.xmltv.tvmedia.ca	272	Science	SCI|272	CA		Entertainment	False	False	False	False	Specialty	http://cdn.tvpassport.com/image/station/76x28/v2/s16616_h15_ab.png		
US	657.stations.xmltv.tvmedia.ca	273	National Geographic US - Eastern	NGEO|273	CA		Entertainment	False	False	False	False	Specialty	http://cdn.tvpassport.com/image/station/76x28/v2/s24959_h15_ab.png		
US	624.stations.xmltv.tvmedia.ca	276	VICE	VICE|276	CA		Entertainment	False	False	False	False	Specialty	http://cdn.tvpassport.com/image/station/76x28/v2/s18822_h15_ac.png		
US	6120.stations.xmltv.tvmedia.ca	278	Bravo USA HD - Eastern Feed	BRAVO|278	CA		Entertainment	False	False	True	False	Specialty	http://cdn.tvpassport.com/image/station/76x28/v2/s58625_h15_ab.png	www.bravotv.com	
US	6236.stations.xmltv.tvmedia.ca	283	Disney XD USA HD - Eastern Feed	DISNXD-HD|283	CA		Entertainment	False	False	True	False	Specialty	http://cdn.tvpassport.com/image/station/76x28/v2/s60006_h15_aa.png	disneyxd.disney.com/	
US	6334.stations.xmltv.tvmedia.ca	290	Paramount Network USA HD - Eastern Feed	PRMT-HD|290	CA		Entertainment	False	False	True	False	Specialty	http://cdn.tvpassport.com/image/station/76x28/v2/s59186_h15_ac.png	www.thenewtnn.com	
US	6957.stations.xmltv.tvmedia.ca	294	Comedy Central HD - Eastern Feed	COMC|294	CA		Entertainment	False	False	True	False	Specialty	http://cdn.tvpassport.com/image/station/76x28/v2/s62420_h15_ab.png	www.cc.com	
US	4525.stations.xmltv.tvmedia.ca	296	MTV USA HD - Eastern	MTVHD|296	CA		Music	False	False	True	False	Specialty	http://cdn.tvpassport.com/image/station/76x28/v2/s60964_h15_aa.png	www.mtv.com	
US	6204.stations.xmltv.tvmedia.ca	297	VH1 HD - Eastern	VH1|297	CA		Entertainment	False	False	True	False	Specialty	http://cdn.tvpassport.com/image/station/76x28/v2/s60046_h15_aa.png	www.vh1.com	
US	6344.stations.xmltv.tvmedia.ca	298	CMT US - Eastern Feed HD	CMTUS-HD|298	CA		Entertainment	False	False	True	False	Specialty	http://cdn.tvpassport.com/image/station/76x28/v2/s59440_h15_ad.png	www.cmt.com	
US	6313.stations.xmltv.tvmedia.ca	300	HBO 2 - Eastern Feed HD	HBO2E-HD|300	CA		Entertainment	False	False	True	False	Specialty	http://cdn.tvpassport.com/image/station/76x28/v3/59368-1CFD0.png	www.hbo.com	
US	7102.stations.xmltv.tvmedia.ca	304	HBO Zone HD - East	ZONE|304	CA		Entertainment	False	False	True	False	Specialty	http://cdn.tvpassport.com/image/station/76x28/v3/59845-1D38A.png	www.hbo.com	
US	7610.stations.xmltv.tvmedia.ca	307	MGM+ HD - East	MGM-HD|307	CA		Entertainment	False	False	True	False	Specialty	http://cdn.tvpassport.com/image/station/76x28/v2/s65687_h15_ag.png		
US	7609.stations.xmltv.tvmedia.ca	308	MGM+ - East	MGM|308	CA		Entertainment	False	False	False	False	Specialty	http://cdn.tvpassport.com/image/station/76x28/v2/s65669_h15_ae.png		
US	4352.stations.xmltv.tvmedia.ca	314	TMC HD - Eastern	TMCHD|314	CA		Entertainment	False	False	True	False	Specialty	http://cdn.tvpassport.com/image/station/76x28/v2/s35329_h15_aa.png	https://www.paramountpluswithshowtime.com/	
US	6846.stations.xmltv.tvmedia.ca	315	Oxygen True Crime HD - Eastern	OXY|315	CA		Entertainment	False	False	True	False	Specialty	http://cdn.tvpassport.com/image/station/76x28/v2/s70522_h15_ac.png	www.oxygen.com	
US	6995.stations.xmltv.tvmedia.ca	317	MS NOW HD	MSNOW-HD|317	CA		Entertainment	False	False	True	False	Specialty	http://cdn.tvpassport.com/image/station/76x28/v3/64241-1F5E2.png	www.msnbc.com	
US	7300.stations.xmltv.tvmedia.ca	323	VICE HD	VICE-HD|323	CA		Entertainment	False	False	True	False	Specialty	http://cdn.tvpassport.com/image/station/76x28/v2/s104547_h9_ab.png	www.viceland.com	
US	6997.stations.xmltv.tvmedia.ca	324	Investigation Discovery USA HD - Eastern	ID-HD|324	CA		Entertainment	False	False	True	False	Specialty	http://cdn.tvpassport.com/image/station/76x28/v2/s65342_h15_ac.png	www.investigationdiscovery.com	
US	6216.stations.xmltv.tvmedia.ca	325	Crime & Investigation Network USA HD	CIN|325	CA		Entertainment	False	False	True	False	Specialty	http://cdn.tvpassport.com/image/station/76x28/v2/s61469_h15_ab.png	www.aetninternational.com/build_ci.jsp	
US	11121.stations.xmltv.tvmedia.ca	326	BBC America - East HD	BBC-HD|326	CA		Entertainment	False	False	True	False	Specialty	http://cdn.tvpassport.com/image/station/76x28/v2/s64492_h15_aa.png	www.bbcamerica.com/servlet/Homelude	
US	34150.stations.xmltv.tvmedia.ca	339	DABL (WBBM-TV3) Chicago, IL	WBBM-TV3|339	CA	WBBM-TV3	Entertainment	False	False	False	False	Specialty	http://cdn.tvpassport.com/image/station/76x28/v2/s112157_h15_ab.png		
US	14443.stations.xmltv.tvmedia.ca	354	Court TV (WGN-TV3) Chicago, IL	WGN-TV3|354	CA	WGN-TV3	Entertainment	False	False	False	False	Specialty	http://cdn.tvpassport.com/image/station/76x28/v3/83118-2895C.png	WWW.WGNTV.COM	
US	12015.stations.xmltv.tvmedia.ca	355	Bounce (WCPX-TV2) Chicago, IL	WCPX-TV2|355	CA	WCPX-TV2	Entertainment	False	False	False	False	Specialty	http://cdn.tvpassport.com/image/station/76x28/v2/s73067_h15_ab.png	https://www.iontelevision.com/	
US	32800.stations.xmltv.tvmedia.ca	363	Movies! (WFLD2) Chicago, IL	WFLD2|363	CA	WFLD2	Movies	False	False	False	False	Specialty	http://cdn.tvpassport.com/image/station/76x28/v2/s81275_h15_ab.png		
US	36439.stations.xmltv.tvmedia.ca	367	PBS (WTTW2) Chicago, IL Prime HD	WTTW2-HD|367	CA	WTTW2	Entertainment	True	False	True	False	PBS	http://cdn.tvpassport.com/image/station/76x28/v2/s32356_h15_ac.png		
US	8589.stations.xmltv.tvmedia.ca	370	PBS (WTTW2) Chicago, IL Prime	WTTW2|370	CA	WTTW2	Entertainment	True	False	False	False	PBS	http://cdn.tvpassport.com/image/station/76x28/v2/s32356_h15_ac.png		
US	31997.stations.xmltv.tvmedia.ca	372	FNX (WYCC) Chicago, IL HD	WYCC-HD|372	CA	WYCC	Entertainment	False	False	True	False	Specialty	http://cdn.tvpassport.com/image/station/76x28/v2/s49582_h9_aa.png	www.ccc.edu/wycc	
US	14446.stations.xmltv.tvmedia.ca	384	ONTV4U (WWTO-TV3) Chicago, IL	WWTO-TV3|384	CA	WWTO-TV3	Entertainment	False	False	False	False	Specialty	http://cdn.tvpassport.com/image/station/76x28/v2/s49208_h15_ac.png		
US	12458.stations.xmltv.tvmedia.ca	390	CGTN (WOCK-DT5) Chicago, IL	WOCK-CD5|390	CA	WOCK-DT5	Entertainment	False	False	False	False	Specialty	http://cdn.tvpassport.com/image/station/76x28/v2/s79547_h9_aa.png		
US	14451.stations.xmltv.tvmedia.ca	391	KBS World (WOCK-DT2) Chicago, IL	WOCK-CD2|391	CA	WOCK-DT2	Entertainment	False	False	False	False	Specialty	http://cdn.tvpassport.com/image/station/76x28/v2/s66417_h9_aa.png		
US	1952.stations.xmltv.tvmedia.ca	401	FXX USA - Eastern	FXX|401	CA		Entertainment	False	False	False	False	FX	http://cdn.tvpassport.com/image/station/76x28/v2/s17927_h15_aa.png		
US	2093.stations.xmltv.tvmedia.ca	473	MTV Classic - East	MTV-C|473	CA		Music	False	False	False	False	Specialty	http://cdn.tvpassport.com/image/station/76x28/v2/s22561_h15_ad.png		
US	5272.stations.xmltv.tvmedia.ca	490	Crime & Investigation Network USA	CIN|490	CA		Entertainment	False	False	False	False	Specialty	http://cdn.tvpassport.com/image/station/76x28/v2/s61469_h15_ab.png	www.aetninternational.com/build_ci.jsp	
US	176.stations.xmltv.tvmedia.ca	501	Turner Classic Movies USA	TCM|501	CA		Movies	False	False	False	False	Specialty	http://cdn.tvpassport.com/image/station/76x28/v2/s12852_h15_ab.png	www.tcm.com	
US	1848.stations.xmltv.tvmedia.ca	505	SundanceTV USA - East	SUND|505	CA		Entertainment	False	False	False	False	Specialty	http://cdn.tvpassport.com/image/station/76x28/v2/s16108_h9_aa.png		
US	1308.stations.xmltv.tvmedia.ca	506	FX Movie Channel	FXM|506	CA		Movies	False	False	False	False	FX	http://cdn.tvpassport.com/image/station/76x28/v2/s70253_h15_aa.png	www.fxnetworks.com/fxm	
US	667.stations.xmltv.tvmedia.ca	517	Starz Encore - Eastern	STZENC|517	CA		Movies	False	False	False	False	Specialty	http://cdn.tvpassport.com/image/station/76x28/v2/s10178_h15_ac.png		
US	34659.stations.xmltv.tvmedia.ca	519	ScreenPix	PIX|519	CA		Entertainment	False	False	False	False	Specialty	http://cdn.tvpassport.com/image/station/76x28/v2/s113001_h15_aa.png		
US	2078.stations.xmltv.tvmedia.ca	529	Starz Encore Action - Eastern	STZEAC|529	CA		Movies	False	False	False	False	Specialty	http://cdn.tvpassport.com/image/station/76x28/v2/s14871_h15_ab.png		
US	583.stations.xmltv.tvmedia.ca	533	Starz - Eastern	STARZ|533	CA		Movies	False	False	False	False	Specialty	http://cdn.tvpassport.com/image/station/76x28/v2/s12719_h15_ac.png		
US	7610.stations.xmltv.tvmedia.ca	535	MGM+ HD - East	MGM-HD|535	CA		Entertainment	False	False	True	True	Specialty	http://cdn.tvpassport.com/image/station/76x28/v2/s65687_h15_ag.png		Duplicate channel ID
US	7609.stations.xmltv.tvmedia.ca	536	MGM+ - East	MGM|536	CA		Entertainment	False	False	False	True	Specialty	http://cdn.tvpassport.com/image/station/76x28/v2/s65669_h15_ae.png		Duplicate channel ID
US	11485.stations.xmltv.tvmedia.ca	537	MGM+ Hits- East	MGMHIT|537	CA		Entertainment	False	False	False	False	Specialty	http://cdn.tvpassport.com/image/station/76x28/v2/s73075_h15_ad.png		
US	11486.stations.xmltv.tvmedia.ca	538	MGM+ Marquee	MGMMAR|538	CA		Entertainment	False	False	False	False	Specialty	http://cdn.tvpassport.com/image/station/76x28/v2/s74320_h15_ac.png		
US	11487.stations.xmltv.tvmedia.ca	539	MGM+ Drive-In	MGMDRV|539	CA		Entertainment	False	False	False	False	Specialty	http://cdn.tvpassport.com/image/station/76x28/v2/s68409_h15_ad.png		
US	614.stations.xmltv.tvmedia.ca	550	HBO - Eastern Feed	HBO|550	CA		Entertainment	False	False	False	False	Specialty	http://cdn.tvpassport.com/image/station/76x28/v2/s10240_h15_aa.png		
US	1472.stations.xmltv.tvmedia.ca	551	HBO - Pacific Feed	HBOP|551	CA		Entertainment	False	False	False	False	Specialty	http://cdn.tvpassport.com/image/station/76x28/v2/s10240_h15_aa.png		
US	626.stations.xmltv.tvmedia.ca	552	HBO Hits - Eastern Feed	HBOHIT|552	CA		Entertainment	False	False	False	False	Specialty	http://cdn.tvpassport.com/image/station/76x28/v3/10241-5002.png		
US	1651.stations.xmltv.tvmedia.ca	554	HBO Drama (HBO 3) - Eastern	HBODRMA|554	CA	HBO 3	Entertainment	False	False	False	False	Specialty	http://cdn.tvpassport.com/image/station/76x28/v3/10243-5006.png		
US	629.stations.xmltv.tvmedia.ca	559	HBO Comedy - East	HBOC|559	CA		Entertainment	False	False	False	False	Specialty	http://cdn.tvpassport.com/image/station/76x28/v2/s18429_h15_aa.png	www.hbo.com	
US	630.stations.xmltv.tvmedia.ca	560	HBO Movies - East	HBOMOV|560	CA		Movies	False	False	False	False	Specialty	http://cdn.tvpassport.com/image/station/76x28/v3/18431-8FFE.png	www.hbo.com	
US	1215.stations.xmltv.tvmedia.ca	561	Cinemax - Pacific Feed	MAX1|561	CA		Entertainment	False	False	False	False	Specialty	http://cdn.tvpassport.com/image/station/76x28/v2/s10120_h15_ab.png		
US	632.stations.xmltv.tvmedia.ca	562	Cinemax - Eastern Feed	MAX1|562	CA		Entertainment	False	False	False	False	Specialty	http://cdn.tvpassport.com/image/station/76x28/v2/s10120_h15_ab.png		
US	634.stations.xmltv.tvmedia.ca	564	Cinemax Hits Eastern	MAXEHIT|564	CA		Entertainment	False	False	False	False	Specialty	http://cdn.tvpassport.com/image/station/76x28/v3/10121-4F12.png		
US	665.stations.xmltv.tvmedia.ca	575	Paramount+ with Showtime - Eastern Feed	PARSHO|575	CA		Entertainment	False	False	False	False	Specialty	http://cdn.tvpassport.com/image/station/76x28/v2/s11115_h15_ad.png		
US	1387.stations.xmltv.tvmedia.ca	577	Showtime 2 - Eastern	SHO2|577	CA		Entertainment	False	False	False	False	Specialty	http://cdn.tvpassport.com/image/station/76x28/v2/s11116_h15_aa.png		
US	2077.stations.xmltv.tvmedia.ca	579	SHOXBET - Eastern	SHOBET|579	CA		Entertainment	False	False	False	False	Specialty	http://cdn.tvpassport.com/image/station/76x28/v2/s20622_h15_ad.png		
US	1615.stations.xmltv.tvmedia.ca	581	Showtime Extreme - Eastern	SHOWEX|581	CA		Entertainment	False	False	False	False	Specialty	http://cdn.tvpassport.com/image/station/76x28/v2/s18086_h15_aa.png		
US	2272.stations.xmltv.tvmedia.ca	583	Showtime Next - Eastern	NEXT|583	CA		Entertainment	False	False	False	False	Specialty	http://cdn.tvpassport.com/image/station/76x28/v2/s25270_h15_ac.png	https://www.paramountpluswithshowtime.com/	
US	1956.stations.xmltv.tvmedia.ca	584	Showtime Family Zone - Eastern	SHOFZ|584	CA		Entertainment	False	False	False	False	Specialty	http://cdn.tvpassport.com/image/station/76x28/v2/s25274_h15_ac.png		
US	2273.stations.xmltv.tvmedia.ca	585	Showtime Women - Eastern	SHO-WE|585	CA		Entertainment	False	False	False	False	Specialty	http://cdn.tvpassport.com/image/station/76x28/v2/s25272_h15_ac.png		
US	666.stations.xmltv.tvmedia.ca	590	TMC (US) - Eastern Feed	TMC|590	CA	US	Entertainment	False	False	False	False	Specialty	http://cdn.tvpassport.com/image/station/76x28/v2/s11160_h15_aa.png		
US	4350.stations.xmltv.tvmedia.ca	592	TMC Xtra - Eastern	TMCX|592	CA		Entertainment	False	False	False	False	Specialty	http://cdn.tvpassport.com/image/station/76x28/v2/s17663_h15_aa.png		
US	1306.stations.xmltv.tvmedia.ca	639	Univision - Pacific Feed	UNI|639	CA		Entertainment	False	False	False	False	Specialty	http://cdn.tvpassport.com/image/station/76x28/v2/s11118_h15_ab.png	www.univision.com	
US	6566.stations.xmltv.tvmedia.ca	1002	CBS (WBBM) Chicago, IL HD	WBBM-HD|1002	CA	WBBM	Entertainment	False	False	True	True	US Network	http://cdn.tvpassport.com/image/station/76x28/v2/s10098_h15_ac.png	www.cbs2chicago.com/	Duplicate channel ID
US	6492.stations.xmltv.tvmedia.ca	1005	NBC (WMAQ) Chicago, IL HD	WMAQ-HD|1005	CA	WMAQ	Entertainment	False	False	True	True	US Network	http://cdn.tvpassport.com/image/station/76x28/v2/s11670_h9_aa.png	www.nbc5.com/	Duplicate channel ID
US	5714.stations.xmltv.tvmedia.ca	1007	ABC (WLS) Chicago, IL HD	WLS-HD|1007	CA	WLS	Entertainment	False	False	True	True	US Network	http://cdn.tvpassport.com/image/station/76x28/v2/s10003_h15_ac.png	www.abc7chicago.com/	Duplicate channel ID
US	5881.stations.xmltv.tvmedia.ca	1009	WGN Chicago (LOCAL) HD	CW-TVHD|1009	CA	LOCAL	Entertainment	False	False	True	True	Specialty	http://cdn.tvpassport.com/image/station/76x28/v2/s51306_h15_ac.png	WWW.WGNTV.COM	Duplicate channel ID
US	8584.stations.xmltv.tvmedia.ca	1011	PBS (WTTW) Chicago, IL HD	WTTW-HD|1011	CA	WTTW	Entertainment	True	False	True	True	PBS	http://cdn.tvpassport.com/image/station/76x28/v2/s11039_h15_ab.png	www.networkchicago.com/wttw/	Duplicate channel ID
US	7237.stations.xmltv.tvmedia.ca	1015	HSN  - Home Shopping Network HD	HSN-HD|1015	CA		Entertainment	False	False	True	False	Specialty	http://cdn.tvpassport.com/image/station/76x28/v2/s62077_h15_ab.png		
US	31997.stations.xmltv.tvmedia.ca	1020	FNX (WYCC) Chicago, IL HD	WYCC-HD|1020	CA	WYCC	Entertainment	False	False	True	True	Specialty	http://cdn.tvpassport.com/image/station/76x28/v2/s49582_h9_aa.png	www.ccc.edu/wycc	Duplicate channel ID
US	8582.stations.xmltv.tvmedia.ca	1026	CW26 (WCIU)  Chicago IL HD	WCIU-HD|1026	CA	WCIU	Entertainment	False	False	True	True	Specialty	http://cdn.tvpassport.com/image/station/76x28/v2/s11347_h15_ac.png		Duplicate channel ID
US	8583.stations.xmltv.tvmedia.ca	1032	FOX (WFLD) Chicago, IL HD	WFLD-HD|1032	CA	WFLD	Entertainment	False	False	True	True	US Network	http://cdn.tvpassport.com/image/station/76x28/v2/s10212_h15_ab.png		Duplicate channel ID
US	4633.stations.xmltv.tvmedia.ca	1035	TBN (WWTO) Chicago, IL	WWTO-TV|1035	CA	WWTO	Entertainment	False	False	False	False	Specialty		WWW.TBN.ORG	
US	6542.stations.xmltv.tvmedia.ca	1038	ION (WCPX) Chicago, IL HD	WCPX-HD|1038	CA	WCPX	Entertainment	False	False	True	True	Specialty	http://cdn.tvpassport.com/image/station/76x28/v2/s18633_h15_ad.png	www.iontelevision.com	Duplicate channel ID
US	11339.stations.xmltv.tvmedia.ca	1056	PBS (WYIN) Indiana HD	WYIN-HD|1056	CA	WYIN	Entertainment	True	False	True	True	PBS	http://cdn.tvpassport.com/image/station/76x28/v2/s32356_h15_ac.png		Duplicate channel ID
US	8581.stations.xmltv.tvmedia.ca	1066	UNI (WGBO) Chicago, IL HD	WGBO-HD|1066	CA	WGBO	Entertainment	False	False	True	False	Specialty	http://cdn.tvpassport.com/image/station/76x28/v2/s11118_h15_ab.png	WWW.UNIVISION.NET	
US	4724.stations.xmltv.tvmedia.ca	1111	CNN HD	CNN-HD|1111	CA		Entertainment	True	False	True	True	Specialty	http://cdn.tvpassport.com/image/station/76x28/v2/s58646_h15_ac.png	www.cnn.com	Duplicate channel ID
US	6994.stations.xmltv.tvmedia.ca	1112	HLN HD	HLN-HD|1112	CA		Entertainment	False	False	True	False	Specialty	http://cdn.tvpassport.com/image/station/76x28/v2/s64549_h15_ac.png	www.cnn.com/QUICKNEWS/	
US	6995.stations.xmltv.tvmedia.ca	1113	MS NOW HD	MSNOW-HD|1113	CA		Entertainment	False	False	True	True	Specialty	http://cdn.tvpassport.com/image/station/76x28/v3/64241-1F5E2.png	www.msnbc.com	Duplicate channel ID
US	10294.stations.xmltv.tvmedia.ca	1117	BBC News - North America HD	BBCWHD|1117	CA		News	False	False	True	False	Specialty	http://cdn.tvpassport.com/image/station/76x28/v2/s36844_h15_ad.png	www.bbcworld.com	
US	6119.stations.xmltv.tvmedia.ca	1121	CNBC USA HD	CNBCH|1121	CA		Entertainment	True	False	True	True	US Network	http://cdn.tvpassport.com/image/station/76x28/v3/58780-1CB38.png	www.cnbc.com	Duplicate channel ID
US	6790.stations.xmltv.tvmedia.ca	1122	Bloomberg TV USA HD	BLM-USHD|1122	CA		Entertainment	False	False	True	False	Specialty	http://cdn.tvpassport.com/image/station/76x28/v2/s71799_h15_ab.png	www.bloomberg.com/tv	
US	36439.stations.xmltv.tvmedia.ca	1150	PBS (WTTW2) Chicago, IL Prime HD	WTTW2-HD|1150	CA	WTTW2	Entertainment	True	False	True	True	PBS	http://cdn.tvpassport.com/image/station/76x28/v2/s32356_h15_ac.png		Duplicate channel ID
US	8589.stations.xmltv.tvmedia.ca	1153	PBS (WTTW2) Chicago, IL Prime	WTTW2|1153	CA	WTTW2	Entertainment	True	False	False	True	PBS	http://cdn.tvpassport.com/image/station/76x28/v2/s32356_h15_ac.png		Duplicate channel ID
US	17034.stations.xmltv.tvmedia.ca	1402	A&E US HD - Eastern Feed	A&EHD|1402	CA		Entertainment	False	False	True	True	Specialty	http://cdn.tvpassport.com/image/station/76x28/v2/s51529_h15_ab.png	www.AETV.com	Duplicate channel ID
US	3037.stations.xmltv.tvmedia.ca	1404	TNT HD - East Feed	TNT-HD|1404	CA		Entertainment	False	False	True	True	Specialty	http://cdn.tvpassport.com/image/station/76x28/v2/s42642_h15_ac.png	www.tntdrama.com	Duplicate channel ID
US	6219.stations.xmltv.tvmedia.ca	1405	AMC - Eastern Feed HD	AMC-HD|1405	CA		Entertainment	False	False	True	True	Specialty	http://cdn.tvpassport.com/image/station/76x28/v2/s59337_h15_ab.png	www.amc.com	Duplicate channel ID
US	35317.stations.xmltv.tvmedia.ca	1406	AMC+	AMC+|1406	CA		Entertainment	False	False	False	True	Specialty	http://cdn.tvpassport.com/image/station/76x28/v2/s114759_h15_aa.png		Duplicate channel ID
US	6111.stations.xmltv.tvmedia.ca	1409	FX Networks East Coast HD	FXHD|1409	CA		Entertainment	False	False	True	True	FX	http://cdn.tvpassport.com/image/station/76x28/v2/s58574_h15_aa.png	www.fxnetworks.com/main.html	Duplicate channel ID
US	7506.stations.xmltv.tvmedia.ca	1410	FXX USA HD - Eastern	FXX-HD|1410	CA		Entertainment	False	False	True	False	FX	http://cdn.tvpassport.com/image/station/76x28/v2/s66379_h9_aa.png	www.fxnetworks.com/fxx	
US	5643.stations.xmltv.tvmedia.ca	1411	Syfy HD - Eastern Feed	SYFY-HD|1411	CA		Entertainment	False	False	True	True	Specialty	http://cdn.tvpassport.com/image/station/76x28/v2/s58623_h15_ae.png	www.scifi.com	Duplicate channel ID
US	6334.stations.xmltv.tvmedia.ca	1412	Paramount Network USA HD - Eastern Feed	PRMT-HD|1412	CA		Entertainment	False	False	True	True	Specialty	http://cdn.tvpassport.com/image/station/76x28/v2/s59186_h15_ac.png	www.thenewtnn.com	Duplicate channel ID
US	11121.stations.xmltv.tvmedia.ca	1418	BBC America - East HD	BBC-HD|1418	CA		Entertainment	False	False	True	True	Specialty	http://cdn.tvpassport.com/image/station/76x28/v2/s64492_h15_aa.png	www.bbcamerica.com/servlet/Homelude	Duplicate channel ID
US	8815.stations.xmltv.tvmedia.ca	1426	TV Land - Eastern HD	TVLAND-HD|1426	CA		Entertainment	False	False	True	False	Specialty	http://cdn.tvpassport.com/image/station/76x28/v2/s73541_h15_aa.png	www.tvland.com	
US	6090.stations.xmltv.tvmedia.ca	1434	TBS - East HD	TBS|1434	CA		Entertainment	False	False	True	True	Specialty	http://cdn.tvpassport.com/image/station/76x28/v2/s58515_h15_ac.png	www.tbssuperstation.com	Duplicate channel ID
US	6957.stations.xmltv.tvmedia.ca	1435	Comedy Central HD - Eastern Feed	COMC|1435	CA		Entertainment	False	False	True	True	Specialty	http://cdn.tvpassport.com/image/station/76x28/v2/s62420_h15_ab.png	www.cc.com	Duplicate channel ID
US	7300.stations.xmltv.tvmedia.ca	1436	VICE HD	VICE-HD|1436	CA		Entertainment	False	False	True	True	Specialty	http://cdn.tvpassport.com/image/station/76x28/v2/s104547_h9_ab.png	www.viceland.com	Duplicate channel ID
US	18804.stations.xmltv.tvmedia.ca	1437	Comedy.TV HD	COMEDY|1437	CA		Entertainment	False	False	True	False	Specialty	http://cdn.tvpassport.com/image/station/76x28/v2/s82470_h9_aa.png	www.comedy.tv	
US	6215.stations.xmltv.tvmedia.ca	1438	Independent Film Channel US HD	IFC|1438	CA		Entertainment	False	False	True	False	Specialty	http://cdn.tvpassport.com/image/station/76x28/v2/s59444_h15_ab.png	www.ifc.com	
US	32944.stations.xmltv.tvmedia.ca	1439	LOGO HD - East	LOGO|1439	CA		Entertainment	False	False	True	False	Specialty	http://cdn.tvpassport.com/image/station/76x28/v2/s96971_h15_aa.png	www.mtv.com	
US	8264.stations.xmltv.tvmedia.ca	1440	SundanceTV USA - East HD	SUND|1440	CA		Entertainment	False	False	True	False	Specialty	http://cdn.tvpassport.com/image/station/76x28/v2/s71280_h15_aa.png	www.sundance.tv	
US	6997.stations.xmltv.tvmedia.ca	1444	Investigation Discovery USA HD - Eastern	ID-HD|1444	CA		Entertainment	False	False	True	True	Specialty	http://cdn.tvpassport.com/image/station/76x28/v2/s65342_h15_ac.png	www.investigationdiscovery.com	Duplicate channel ID
US	6216.stations.xmltv.tvmedia.ca	1445	Crime & Investigation Network USA HD	CIN|1445	CA		Entertainment	False	False	True	True	Specialty	http://cdn.tvpassport.com/image/station/76x28/v2/s61469_h15_ab.png	www.aetninternational.com/build_ci.jsp	Duplicate channel ID
US	4466.stations.xmltv.tvmedia.ca	1449	Discovery HD (US) - Eastern	DISCHD|1449	CA	US	Entertainment	False	False	True	True	Specialty	http://cdn.tvpassport.com/image/station/76x28/v2/s56905_h15_ad.png	www.discovery.com	Duplicate channel ID
US	5004.stations.xmltv.tvmedia.ca	1450	TLC USA HD - Eastern	TLC-HD|1450	CA		Entertainment	False	False	True	True	Specialty	http://cdn.tvpassport.com/image/station/76x28/v2/s57391_h15_ad.png		Duplicate channel ID
US	5828.stations.xmltv.tvmedia.ca	1451	Science HD	SCI-HD|1451	CA		Entertainment	False	False	True	True	Specialty	http://cdn.tvpassport.com/image/station/76x28/v2/s57390_h15_ac.png	www.sciencechannel.com/	Duplicate channel ID
US	6120.stations.xmltv.tvmedia.ca	1463	Bravo USA HD - Eastern Feed	BRAVO|1463	CA		Entertainment	False	False	True	True	Specialty	http://cdn.tvpassport.com/image/station/76x28/v2/s58625_h15_ab.png	www.bravotv.com	Duplicate channel ID
US	8587.stations.xmltv.tvmedia.ca	1464	Oprah Winfrey Network USA Eastern HD	OWNHD|1464	CA		Entertainment	False	False	True	False	Specialty	http://cdn.tvpassport.com/image/station/76x28/v2/s70388_h15_aa.png	www.health.discovery.com	
US	6846.stations.xmltv.tvmedia.ca	1465	Oxygen True Crime HD - Eastern	OXY|1465	CA		Entertainment	False	False	True	True	Specialty	http://cdn.tvpassport.com/image/station/76x28/v2/s70522_h15_ac.png	www.oxygen.com	Duplicate channel ID
US	6659.stations.xmltv.tvmedia.ca	1466	E! Entertainment USA HD - East	E!-HD|1466	CA		Entertainment	False	False	True	True	Specialty	http://cdn.tvpassport.com/image/station/76x28/v2/s61812_h15_aa.png	www.eonline.com	Duplicate channel ID
US	4537.stations.xmltv.tvmedia.ca	1471	Animal Planet US HD - East	ANPL-HD|1471	CA		Entertainment	False	False	True	True	Specialty	http://cdn.tvpassport.com/image/station/76x28/v2/s57394_h9_ad.png	Discovery.com	Duplicate channel ID
US	9579.stations.xmltv.tvmedia.ca	1472	National Geographic Wild HD	NGWHD|1472	CA		Entertainment	False	False	True	False	Specialty	http://cdn.tvpassport.com/image/station/76x28/v2/s67331_h15_ab.png	WWW.NATGEOCHANNEL.COM	
US	4436.stations.xmltv.tvmedia.ca	1473	National Geographic US HD - Eastern	NGHD|1473	CA		Entertainment	False	False	True	True	Specialty	http://cdn.tvpassport.com/image/station/76x28/v2/s49438_h15_ab.png	channel.nationalgeographic.com	Duplicate channel ID
US	6237.stations.xmltv.tvmedia.ca	1477	Smithsonian Channel USA HD	SMITH-HD|1477	CA		Entertainment	False	False	True	False	Specialty	http://cdn.tvpassport.com/image/station/76x28/v2/s58532_h15_aa.png		
US	4660.stations.xmltv.tvmedia.ca	1478	History Channel US HD - East	HIST-HD|1478	CA		Entertainment	False	False	True	True	Specialty	http://cdn.tvpassport.com/image/station/76x28/v2/s57708_h15_ad.png	www.HistoryChannel.com	Duplicate channel ID
US	5271.stations.xmltv.tvmedia.ca	1479	Military History	MHC|1479	CA		Entertainment	False	False	False	False	Specialty	http://cdn.tvpassport.com/image/station/76x28/v2/s48999_h15_ac.png		
US	10881.stations.xmltv.tvmedia.ca	1480	American Heroes Channel HD	AHC-HD|1480	CA		Entertainment	False	False	True	False	Specialty	http://cdn.tvpassport.com/image/station/76x28/v2/s78808_h15_aa.png	www.ahctv.com	
US	3438.stations.xmltv.tvmedia.ca	1484	Food Network USA HD - Eastern Feed	FOOD-HD|1484	CA		Entertainment	False	False	True	True	Specialty	http://cdn.tvpassport.com/image/station/76x28/v2/s50747_h15_ab.png	www.foodtv.com	Duplicate channel ID
US	8113.stations.xmltv.tvmedia.ca	1485	The Cooking Channel HD	COOKHD|1485	CA		Entertainment	False	False	True	True	Specialty	http://cdn.tvpassport.com/image/station/76x28/v2/s68065_h15_aa.png		Duplicate channel ID
US	3690.stations.xmltv.tvmedia.ca	1492	HGTV USA HD - Eastern	HGTVHD|1492	CA		Entertainment	False	False	True	True	Specialty	http://cdn.tvpassport.com/image/station/76x28/v2/s49788_h15_ab.png	www.hgtv.com	Duplicate channel ID
US	16423.stations.xmltv.tvmedia.ca	1497	Discovery Life Channel HD	DLCHD|1497	CA		Entertainment	False	False	True	False	Specialty	http://cdn.tvpassport.com/image/station/76x28/v2/s92204_h15_aa.png	www.discoverylife.com	
US	4525.stations.xmltv.tvmedia.ca	1606	MTV USA HD - Eastern	MTVHD|1606	CA		Music	False	False	True	True	Specialty	http://cdn.tvpassport.com/image/station/76x28/v2/s60964_h15_aa.png	www.mtv.com	Duplicate channel ID
US	6204.stations.xmltv.tvmedia.ca	1607	VH1 HD - Eastern	VH1|1607	CA		Entertainment	False	False	True	True	Specialty	http://cdn.tvpassport.com/image/station/76x28/v2/s60046_h15_aa.png	www.vh1.com	Duplicate channel ID
US	6344.stations.xmltv.tvmedia.ca	1608	CMT US - Eastern Feed HD	CMTUS-HD|1608	CA		Entertainment	False	False	True	True	Specialty	http://cdn.tvpassport.com/image/station/76x28/v2/s59440_h15_ad.png	www.cmt.com	Duplicate channel ID
US	6080.stations.xmltv.tvmedia.ca	1612	MTV Live	MTVL|1612	CA		Music	False	False	False	True	Specialty	http://cdn.tvpassport.com/image/station/76x28/v2/s66419_h15_aa.png		Duplicate channel ID
US	2093.stations.xmltv.tvmedia.ca	1614	MTV Classic - East	MTV-C|1614	CA		Music	False	False	False	True	Specialty	http://cdn.tvpassport.com/image/station/76x28/v2/s22561_h15_ad.png		Duplicate channel ID
US	2288.stations.xmltv.tvmedia.ca	1619	CMT Music	CMTM|1619	CA		Music	False	False	False	False	Specialty	http://cdn.tvpassport.com/image/station/76x28/v2/s18717_h15_ab.png	www.cmt.com	
US	10276.stations.xmltv.tvmedia.ca	1639	MTV 2 East HD	MTV2-HD|1639	CA		Music	False	False	True	False	Specialty	http://cdn.tvpassport.com/image/station/76x28/v2/s75077_h15_ab.png	www.mtv.com	
US	6112.stations.xmltv.tvmedia.ca	1715	Disney HD - Eastern	DISN|1715	CA		Entertainment	False	False	True	True	Specialty	http://cdn.tvpassport.com/image/station/76x28/v2/s59684_h15_ae.png	www.disneychannel.com	Duplicate channel ID
US	6236.stations.xmltv.tvmedia.ca	1716	Disney XD USA HD - Eastern Feed	DISNXD-HD|1716	CA		Entertainment	False	False	True	True	Specialty	http://cdn.tvpassport.com/image/station/76x28/v2/s60006_h15_aa.png	disneyxd.disney.com/	Duplicate channel ID
US	6917.stations.xmltv.tvmedia.ca	1734	Cartoon Network USA HD - Eastern	TOON|1734	CA		Kids	False	False	True	True	Specialty	http://cdn.tvpassport.com/image/station/76x28/v2/s60048_h15_ac.png	www.cartoonnetwork.com	Duplicate channel ID
US	7049.stations.xmltv.tvmedia.ca	1755	Turner Classic Movies USA HD	TCM-HD|1755	CA		Movies	False	False	True	False	Specialty	http://cdn.tvpassport.com/image/station/76x28/v2/s64312_h15_ab.png	www.tcm.com	
US	8463.stations.xmltv.tvmedia.ca	1766	FX Movie Channel HD	FXMHD|1766	CA		Movies	False	False	True	False	FX	http://cdn.tvpassport.com/image/station/76x28/v2/s70253_h15_aa.png	www.fxnetworks.com/fxm	
US	6482.stations.xmltv.tvmedia.ca	1771	FLIX HD - Eastern	FLIX-HD|1771	CA		Entertainment	False	False	True	False	Specialty	http://cdn.tvpassport.com/image/station/76x28/v2/s10201_h15_aa.png	https://www.paramountpluswithshowtime.com/	
US	6083.stations.xmltv.tvmedia.ca	1773	Starz Encore HD - Eastern	STZENHD|1773	CA		Movies	False	False	True	True	Specialty	http://cdn.tvpassport.com/image/station/76x28/v2/s36225_h15_ac.png	www.starz.com	Duplicate channel ID
US	2078.stations.xmltv.tvmedia.ca	1775	Starz Encore Action - Eastern	STZEAC|1775	CA		Movies	False	False	False	True	Specialty	http://cdn.tvpassport.com/image/station/76x28/v2/s14871_h15_ab.png		Duplicate channel ID
US	4206.stations.xmltv.tvmedia.ca	1777	Starz Encore Black - Eastern	STZEBK|1777	CA		Movies	False	False	False	False	Specialty	http://cdn.tvpassport.com/image/station/76x28/v2/s14870_h15_ac.png		
US	1959.stations.xmltv.tvmedia.ca	1784	Starz Encore Westerns - Eastern	STZEWS|1784	CA		Movies	False	False	False	False	Specialty	http://cdn.tvpassport.com/image/station/76x28/v2/s14765_h15_ac.png		
US	34659.stations.xmltv.tvmedia.ca	1786	ScreenPix	PIX|1786	CA		Entertainment	False	False	False	True	Specialty	http://cdn.tvpassport.com/image/station/76x28/v2/s113001_h15_aa.png		Duplicate channel ID
US	34660.stations.xmltv.tvmedia.ca	1787	ScreenPix: Action	PIX-ACT|1787	CA		Entertainment	False	False	False	False	Specialty	http://cdn.tvpassport.com/image/station/76x28/v2/s113003_h15_aa.png		
US	34662.stations.xmltv.tvmedia.ca	1788	ScreenPix: Voices	PIX-VOIC|1788	CA		Entertainment	False	False	False	False	Specialty	http://cdn.tvpassport.com/image/station/76x28/v2/s113004_h15_aa.png		
US	34661.stations.xmltv.tvmedia.ca	1789	ScreenPix: Westerns	PIX-WEST|1789	CA		Entertainment	False	False	False	False	Specialty	http://cdn.tvpassport.com/image/station/76x28/v2/s113002_h15_aa.png		
US	7610.stations.xmltv.tvmedia.ca	1790	MGM+ HD - East	MGM-HD|1790	CA		Entertainment	False	False	True	True	Specialty	http://cdn.tvpassport.com/image/station/76x28/v2/s65687_h15_ag.png		Duplicate channel ID
US	627.stations.xmltv.tvmedia.ca	1802	HBO HD - Eastern Feed	HBO-HD|1802	CA		Entertainment	False	False	True	True	Specialty	http://cdn.tvpassport.com/image/station/76x28/v2/s19548_h15_aa.png		Duplicate channel ID
US	1472.stations.xmltv.tvmedia.ca	1803	HBO - Pacific Feed	HBOP|1803	CA		Entertainment	False	False	False	True	Specialty	http://cdn.tvpassport.com/image/station/76x28/v2/s10240_h15_aa.png		Duplicate channel ID
US	6313.stations.xmltv.tvmedia.ca	1804	HBO 2 - Eastern Feed HD	HBO2E-HD|1804	CA		Entertainment	False	False	True	True	Specialty	http://cdn.tvpassport.com/image/station/76x28/v3/59368-1CFD0.png	www.hbo.com	Duplicate channel ID
US	7099.stations.xmltv.tvmedia.ca	1806	HBO Signature (HBO 3) - Eastern HD	HBO3|1806	CA	HBO 3	Entertainment	False	False	True	False	Specialty	http://cdn.tvpassport.com/image/station/76x28/v3/59363-1CFC6.png	www.hbo.com	
US	629.stations.xmltv.tvmedia.ca	1810	HBO Comedy - East	HBOC|1810	CA		Entertainment	False	False	False	True	Specialty	http://cdn.tvpassport.com/image/station/76x28/v2/s18429_h15_aa.png	www.hbo.com	Duplicate channel ID
US	7102.stations.xmltv.tvmedia.ca	1812	HBO Zone HD - East	ZONE|1812	CA		Entertainment	False	False	True	True	Specialty	http://cdn.tvpassport.com/image/station/76x28/v3/59845-1D38A.png	www.hbo.com	Duplicate channel ID
US	35317.stations.xmltv.tvmedia.ca	1816	AMC+	AMC+|1816	CA		Entertainment	False	False	False	True	Specialty	http://cdn.tvpassport.com/image/station/76x28/v2/s114759_h15_aa.png		Duplicate channel ID
US	3567.stations.xmltv.tvmedia.ca	1820	Cinemax - Eastern HD	MAX1HD|1820	CA		Entertainment	False	False	True	True	Specialty	http://cdn.tvpassport.com/image/station/76x28/v2/s34933_h15_ab.png	www.cinemax.com	Duplicate channel ID
US	1215.stations.xmltv.tvmedia.ca	1821	Cinemax - Pacific Feed	MAX1|1821	CA		Entertainment	False	False	False	True	Specialty	http://cdn.tvpassport.com/image/station/76x28/v2/s10120_h15_ab.png		Duplicate channel ID
US	7097.stations.xmltv.tvmedia.ca	1822	MoreMax - Eastern HD	MAX2HD|1822	CA		Entertainment	False	False	True	False	Specialty	http://cdn.tvpassport.com/image/station/76x28/v3/59373-1CFDA.png	www.cinemax.com	
US	1377.stations.xmltv.tvmedia.ca	1824	Cinemax Action - Eastern	MAXACT|1824	CA		Entertainment	False	False	False	False	Specialty	http://cdn.tvpassport.com/image/station/76x28/v3/18433-9002.png		
US	636.stations.xmltv.tvmedia.ca	1830	Cinemax Classics - Eastern	MAXCL|1830	CA		Entertainment	False	False	False	False	Specialty	http://cdn.tvpassport.com/image/station/76x28/v3/25620-C828.png		
US	3034.stations.xmltv.tvmedia.ca	1840	Paramount+ with Showtime - Eastern	PARSHO-HD|1840	CA		Entertainment	False	False	False	True	Specialty	http://cdn.tvpassport.com/image/station/76x28/v2/s21868_h15_ad.png	https://www.paramountpluswithshowtime.com/	Duplicate channel ID
US	1387.stations.xmltv.tvmedia.ca	1842	Showtime 2 - Eastern	SHO2|1842	CA		Entertainment	False	False	False	True	Specialty	http://cdn.tvpassport.com/image/station/76x28/v2/s11116_h15_aa.png		Duplicate channel ID
US	2271.stations.xmltv.tvmedia.ca	1846	Showtime Showcase - Eastern	SHO3|1846	CA		Entertainment	False	False	False	False	Specialty	http://cdn.tvpassport.com/image/station/76x28/v2/s16153_h15_aa.png		
US	1615.stations.xmltv.tvmedia.ca	1848	Showtime Extreme - Eastern	SHOWEX|1848	CA		Entertainment	False	False	False	True	Specialty	http://cdn.tvpassport.com/image/station/76x28/v2/s18086_h15_aa.png		Duplicate channel ID
US	2272.stations.xmltv.tvmedia.ca	1854	Showtime Next - Eastern	NEXT|1854	CA		Entertainment	False	False	False	True	Specialty	http://cdn.tvpassport.com/image/station/76x28/v2/s25270_h15_ac.png	https://www.paramountpluswithshowtime.com/	Duplicate channel ID
US	4352.stations.xmltv.tvmedia.ca	1860	TMC HD - Eastern	TMCHD|1860	CA		Entertainment	False	False	True	True	Specialty	http://cdn.tvpassport.com/image/station/76x28/v2/s35329_h15_aa.png	https://www.paramountpluswithshowtime.com/	Duplicate channel ID
US	4350.stations.xmltv.tvmedia.ca	1862	TMC Xtra - Eastern	TMCX|1862	CA		Entertainment	False	False	False	True	Specialty	http://cdn.tvpassport.com/image/station/76x28/v2/s17663_h15_aa.png		Duplicate channel ID
US	3388.stations.xmltv.tvmedia.ca	1868	Starz HD - Eastern	STARZ-HD|1868	CA		Movies	False	False	True	True	Specialty	http://cdn.tvpassport.com/image/station/76x28/v2/s34941_h15_ac.png	www.starz.com	Duplicate channel ID
US	7610.stations.xmltv.tvmedia.ca	1871	MGM+ HD - East	MGM-HD|1871	CA		Entertainment	False	False	True	True	Specialty	http://cdn.tvpassport.com/image/station/76x28/v2/s65687_h15_ag.png		Duplicate channel ID
US	11615.stations.xmltv.tvmedia.ca	1873	MGM+ Hits HD - East	MGMT-HD|1873	CA		Entertainment	False	False	True	False	Specialty	http://cdn.tvpassport.com/image/station/76x28/v2/s67929_h15_ad.png		
US	11616.stations.xmltv.tvmedia.ca	1874	MGM+ Marquee HD	MGMMRHD|1874	CA		Entertainment	False	False	True	False	Specialty	http://cdn.tvpassport.com/image/station/76x28/v2/s74073_h15_ad.png		
US	33934.stations.xmltv.tvmedia.ca	1875	MGM+ Drive-In HD	MGMDR-HD|1875	CA		Entertainment	False	False	True	False	Specialty	http://cdn.tvpassport.com/image/station/76x28/v2/s103828_h15_ad.png		
US	8137.stations.xmltv.tvmedia.ca	3311	Univision - Pacific Feed HD	UNI|3311	CA		Entertainment	False	False	True	False	Specialty	http://cdn.tvpassport.com/image/station/76x28/v2/s11118_h15_ab.png	www.univision.net	
US	1306.stations.xmltv.tvmedia.ca	3489	Univision - Pacific Feed	UNI|3489	CA		Entertainment	False	False	False	True	Specialty	http://cdn.tvpassport.com/image/station/76x28/v2/s11118_h15_ab.png	www.univision.com	Duplicate channel ID
US	6207.stations.xmltv.tvmedia.ca	20600	Fox News HD	FNC-HD|20600	CA		News	False	False	True	False	Specialty	http://cdn.tvpassport.com/image/station/76x28/v2/s60179_h15_ab.png	www.foxnews.com	
US	4724.stations.xmltv.tvmedia.ca	20700	CNN HD	CNN-HD|20700	CA		Entertainment	True	False	True	True	Specialty	http://cdn.tvpassport.com/image/station/76x28/v2/s58646_h15_ac.png	www.cnn.com	Duplicate channel ID
US	6994.stations.xmltv.tvmedia.ca	20800	HLN HD	HLN-HD|20800	CA		Entertainment	False	False	True	True	Specialty	http://cdn.tvpassport.com/image/station/76x28/v2/s64549_h15_ac.png	www.cnn.com/QUICKNEWS/	Duplicate channel ID
US	6995.stations.xmltv.tvmedia.ca	20900	MS NOW HD	MSNOW-HD|20900	CA		Entertainment	False	False	True	True	Specialty	http://cdn.tvpassport.com/image/station/76x28/v3/64241-1F5E2.png	www.msnbc.com	Duplicate channel ID
US	527.stations.xmltv.tvmedia.ca	21000	BBC News - North America	BBCW|21000	CA		News	False	False	False	True	Specialty	http://cdn.tvpassport.com/image/station/76x28/v2/s89542_h15_ab.png		Duplicate channel ID
US	6119.stations.xmltv.tvmedia.ca	21100	CNBC USA HD	CNBCH|21100	CA		Entertainment	True	False	True	True	US Network	http://cdn.tvpassport.com/image/station/76x28/v3/58780-1CB38.png	www.cnbc.com	Duplicate channel ID
US	6790.stations.xmltv.tvmedia.ca	21150	Bloomberg TV USA HD	BLM-USHD|21150	CA		Entertainment	False	False	True	True	Specialty	http://cdn.tvpassport.com/image/station/76x28/v2/s71799_h15_ab.png	www.bloomberg.com/tv	Duplicate channel ID
US	6112.stations.xmltv.tvmedia.ca	25800	Disney HD - Eastern	DISN|25800	CA		Entertainment	False	False	True	True	Specialty	http://cdn.tvpassport.com/image/station/76x28/v2/s59684_h15_ae.png	www.disneychannel.com	Duplicate channel ID
US	6236.stations.xmltv.tvmedia.ca	25900	Disney XD USA HD - Eastern Feed	DISNXD-HD|25900	CA		Entertainment	False	False	True	True	Specialty	http://cdn.tvpassport.com/image/station/76x28/v2/s60006_h15_aa.png	disneyxd.disney.com/	Duplicate channel ID
US	661.stations.xmltv.tvmedia.ca	26800	Cartoon Network USA - Eastern Feed	TOON|26800	CA		Kids	False	False	False	True	Specialty	http://cdn.tvpassport.com/image/station/76x28/v2/s12131_h15_aa.png		Duplicate channel ID
US	10611.stations.xmltv.tvmedia.ca	26850	Cartoon Network - Adult Swim	26850	CA		Kids	False	False	False	False	Specialty			
US	2.stations.xmltv.tvmedia.ca	26900	A&E US - Eastern Feed	A&E|26900	CA		Entertainment	False	False	False	True	Specialty	http://cdn.tvpassport.com/image/station/76x28/v2/s10035_h15_ab.png	www.AETV.com	Duplicate channel ID
US	5490.stations.xmltv.tvmedia.ca	27000	USA Network HD - East	USA|27000	CA		Entertainment	False	False	True	False	Specialty	http://cdn.tvpassport.com/image/station/76x28/v2/s58452_h15_af.png	www.usanetwork.com	
US	3037.stations.xmltv.tvmedia.ca	27100	TNT HD - East Feed	TNT-HD|27100	CA		Entertainment	False	False	True	True	Specialty	http://cdn.tvpassport.com/image/station/76x28/v2/s42642_h15_ac.png	www.tntdrama.com	Duplicate channel ID
US	6219.stations.xmltv.tvmedia.ca	27200	AMC - Eastern Feed HD	AMC-HD|27200	CA		Entertainment	False	False	True	True	Specialty	http://cdn.tvpassport.com/image/station/76x28/v2/s59337_h15_ab.png	www.amc.com	Duplicate channel ID
US	6111.stations.xmltv.tvmedia.ca	27300	FX Networks East Coast HD	FXHD|27300	CA		Entertainment	False	False	True	True	FX	http://cdn.tvpassport.com/image/station/76x28/v2/s58574_h15_aa.png	www.fxnetworks.com/main.html	Duplicate channel ID
US	7506.stations.xmltv.tvmedia.ca	27400	FXX USA HD - Eastern	FXX-HD|27400	CA		Entertainment	False	False	True	True	FX	http://cdn.tvpassport.com/image/station/76x28/v2/s66379_h9_aa.png	www.fxnetworks.com/fxx	Duplicate channel ID
US	8463.stations.xmltv.tvmedia.ca	27450	FX Movie Channel HD	FXMHD|27450	CA		Movies	False	False	True	True	FX	http://cdn.tvpassport.com/image/station/76x28/v2/s70253_h15_aa.png	www.fxnetworks.com/fxm	Duplicate channel ID
US	5643.stations.xmltv.tvmedia.ca	27500	Syfy HD - Eastern Feed	SYFY-HD|27500	CA		Entertainment	False	False	True	True	Specialty	http://cdn.tvpassport.com/image/station/76x28/v2/s58623_h15_ae.png	www.scifi.com	Duplicate channel ID
US	6334.stations.xmltv.tvmedia.ca	27600	Paramount Network USA HD - Eastern Feed	PRMT-HD|27600	CA		Entertainment	False	False	True	True	Specialty	http://cdn.tvpassport.com/image/station/76x28/v2/s59186_h15_ac.png	www.thenewtnn.com	Duplicate channel ID
US	11121.stations.xmltv.tvmedia.ca	27700	BBC America - East HD	BBC-HD|27700	CA		Entertainment	False	False	True	True	Specialty	http://cdn.tvpassport.com/image/station/76x28/v2/s64492_h15_aa.png	www.bbcamerica.com/servlet/Homelude	Duplicate channel ID
US	8815.stations.xmltv.tvmedia.ca	27900	TV Land - Eastern HD	TVLAND-HD|27900	CA		Entertainment	False	False	True	True	Specialty	http://cdn.tvpassport.com/image/station/76x28/v2/s73541_h15_aa.png	www.tvland.com	Duplicate channel ID
US	6090.stations.xmltv.tvmedia.ca	28400	TBS - East HD	TBS|28400	CA		Entertainment	False	False	True	True	Specialty	http://cdn.tvpassport.com/image/station/76x28/v2/s58515_h15_ac.png	www.tbssuperstation.com	Duplicate channel ID
US	6957.stations.xmltv.tvmedia.ca	28500	Comedy Central HD - Eastern Feed	COMC|28500	CA		Entertainment	False	False	True	True	Specialty	http://cdn.tvpassport.com/image/station/76x28/v2/s62420_h15_ab.png	www.cc.com	Duplicate channel ID
US	7300.stations.xmltv.tvmedia.ca	28600	VICE HD	VICE-HD|28600	CA		Entertainment	False	False	True	True	Specialty	http://cdn.tvpassport.com/image/station/76x28/v2/s104547_h9_ab.png	www.viceland.com	Duplicate channel ID
US	18804.stations.xmltv.tvmedia.ca	28650	Comedy.TV HD	COMEDY|28650	CA		Entertainment	False	False	True	True	Specialty	http://cdn.tvpassport.com/image/station/76x28/v2/s82470_h9_aa.png	www.comedy.tv	Duplicate channel ID
US	32944.stations.xmltv.tvmedia.ca	28750	LOGO HD - East	LOGO|28750	CA		Entertainment	False	False	True	True	Specialty	http://cdn.tvpassport.com/image/station/76x28/v2/s96971_h15_aa.png	www.mtv.com	Duplicate channel ID
US	8264.stations.xmltv.tvmedia.ca	28800	SundanceTV USA - East HD	SUND|28800	CA		Entertainment	False	False	True	True	Specialty	http://cdn.tvpassport.com/image/station/76x28/v2/s71280_h15_aa.png	www.sundance.tv	Duplicate channel ID
US	6997.stations.xmltv.tvmedia.ca	28900	Investigation Discovery USA HD - Eastern	ID-HD|28900	CA		Entertainment	False	False	True	True	Specialty	http://cdn.tvpassport.com/image/station/76x28/v2/s65342_h15_ac.png	www.investigationdiscovery.com	Duplicate channel ID
US	6216.stations.xmltv.tvmedia.ca	28925	Crime & Investigation Network USA HD	CIN|28925	CA		Entertainment	False	False	True	True	Specialty	http://cdn.tvpassport.com/image/station/76x28/v2/s61469_h15_ab.png	www.aetninternational.com/build_ci.jsp	Duplicate channel ID
US	4466.stations.xmltv.tvmedia.ca	29100	Discovery HD (US) - Eastern	DISCHD|29100	CA	US	Entertainment	False	False	True	True	Specialty	http://cdn.tvpassport.com/image/station/76x28/v2/s56905_h15_ad.png	www.discovery.com	Duplicate channel ID
US	5828.stations.xmltv.tvmedia.ca	29400	Science HD	SCI-HD|29400	CA		Entertainment	False	False	True	True	Specialty	http://cdn.tvpassport.com/image/station/76x28/v2/s57390_h15_ac.png	www.sciencechannel.com/	Duplicate channel ID
US	6120.stations.xmltv.tvmedia.ca	30100	Bravo USA HD - Eastern Feed	BRAVO|30100	CA		Entertainment	False	False	True	True	Specialty	http://cdn.tvpassport.com/image/station/76x28/v2/s58625_h15_ab.png	www.bravotv.com	Duplicate channel ID
US	8587.stations.xmltv.tvmedia.ca	30200	Oprah Winfrey Network USA Eastern HD	OWNHD|30200	CA		Entertainment	False	False	True	True	Specialty	http://cdn.tvpassport.com/image/station/76x28/v2/s70388_h15_aa.png	www.health.discovery.com	Duplicate channel ID
US	6846.stations.xmltv.tvmedia.ca	30300	Oxygen True Crime HD - Eastern	OXY|30300	CA		Entertainment	False	False	True	True	Specialty	http://cdn.tvpassport.com/image/station/76x28/v2/s70522_h15_ac.png	www.oxygen.com	Duplicate channel ID
US	6659.stations.xmltv.tvmedia.ca	30400	E! Entertainment USA HD - East	E!-HD|30400	CA		Entertainment	False	False	True	True	Specialty	http://cdn.tvpassport.com/image/station/76x28/v2/s61812_h15_aa.png	www.eonline.com	Duplicate channel ID
US	4537.stations.xmltv.tvmedia.ca	30500	Animal Planet US HD - East	ANPL-HD|30500	CA		Entertainment	False	False	True	True	Specialty	http://cdn.tvpassport.com/image/station/76x28/v2/s57394_h9_ad.png	Discovery.com	Duplicate channel ID
US	4436.stations.xmltv.tvmedia.ca	30600	National Geographic US HD - Eastern	NGHD|30600	CA		Entertainment	False	False	True	True	Specialty	http://cdn.tvpassport.com/image/station/76x28/v2/s49438_h15_ab.png	channel.nationalgeographic.com	Duplicate channel ID
US	9579.stations.xmltv.tvmedia.ca	30700	National Geographic Wild HD	NGWHD|30700	CA		Entertainment	False	False	True	True	Specialty	http://cdn.tvpassport.com/image/station/76x28/v2/s67331_h15_ab.png	WWW.NATGEOCHANNEL.COM	Duplicate channel ID
US	6237.stations.xmltv.tvmedia.ca	30750	Smithsonian Channel USA HD	SMITH-HD|30750	CA		Entertainment	False	False	True	True	Specialty	http://cdn.tvpassport.com/image/station/76x28/v2/s58532_h15_aa.png		Duplicate channel ID
US	4660.stations.xmltv.tvmedia.ca	30800	History Channel US HD - East	HIST-HD|30800	CA		Entertainment	False	False	True	True	Specialty	http://cdn.tvpassport.com/image/station/76x28/v2/s57708_h15_ad.png	www.HistoryChannel.com	Duplicate channel ID
US	5271.stations.xmltv.tvmedia.ca	30850	Military History	MHC|30850	CA		Entertainment	False	False	False	True	Specialty	http://cdn.tvpassport.com/image/station/76x28/v2/s48999_h15_ac.png		Duplicate channel ID
US	20038.stations.xmltv.tvmedia.ca	30950	Recipe.TV HD	RECIPE|30950	CA		Entertainment	False	False	True	False	Specialty	http://cdn.tvpassport.com/image/station/76x28/v2/s81289_h6_aa.png	www.skyangel.com	
US	3438.stations.xmltv.tvmedia.ca	31000	Food Network USA HD - Eastern Feed	FOOD-HD|31000	CA		Entertainment	False	False	True	True	Specialty	http://cdn.tvpassport.com/image/station/76x28/v2/s50747_h15_ab.png	www.foodtv.com	Duplicate channel ID
US	8113.stations.xmltv.tvmedia.ca	31100	The Cooking Channel HD	COOKHD|31100	CA		Entertainment	False	False	True	True	Specialty	http://cdn.tvpassport.com/image/station/76x28/v2/s68065_h15_aa.png		Duplicate channel ID
US	3690.stations.xmltv.tvmedia.ca	31500	HGTV USA HD - Eastern	HGTVHD|31500	CA		Entertainment	False	False	True	True	Specialty	http://cdn.tvpassport.com/image/station/76x28/v2/s49788_h15_ab.png	www.hgtv.com	Duplicate channel ID
US	8114.stations.xmltv.tvmedia.ca	31600	Magnolia HD - East	MAGN-HD|31600	CA		Entertainment	False	False	True	False	Specialty	http://cdn.tvpassport.com/image/station/76x28/v2/s67375_h15_ad.png	www.diynetwork.com	
US	16423.stations.xmltv.tvmedia.ca	31650	Discovery Life Channel HD	DLCHD|31650	CA		Entertainment	False	False	True	True	Specialty	http://cdn.tvpassport.com/image/station/76x28/v2/s92204_h15_aa.png	www.discoverylife.com	Duplicate channel ID
US	4525.stations.xmltv.tvmedia.ca	31700	MTV USA HD - Eastern	MTVHD|31700	CA		Music	False	False	True	True	Specialty	http://cdn.tvpassport.com/image/station/76x28/v2/s60964_h15_aa.png	www.mtv.com	Duplicate channel ID
US	6204.stations.xmltv.tvmedia.ca	31800	VH1 HD - Eastern	VH1|31800	CA		Entertainment	False	False	True	True	Specialty	http://cdn.tvpassport.com/image/station/76x28/v2/s60046_h15_aa.png	www.vh1.com	Duplicate channel ID
US	6344.stations.xmltv.tvmedia.ca	31850	CMT US - Eastern Feed HD	CMTUS-HD|31850	CA		Entertainment	False	False	True	True	Specialty	http://cdn.tvpassport.com/image/station/76x28/v2/s59440_h15_ad.png	www.cmt.com	Duplicate channel ID
